borehole_id,name,lat,lon,country,site_name,max_depth_m,magt_c,depth_used_m,n_measurements,year_min,year_max,pred_convlstm,real_ttop,esa_t2m,suspect,mid_year,years_to_2023,magt_adjusted,pred_v3
401,Vorkuta 35,67.96219,61.49621,Russia,Vorkuta,,-4.546433324353448,10.0,1856.0,2006.0,2016.0,-5.639970302581787,-3.5637614727020264,0.0049809276936382,False,2011.0,12.0,-3.526433324353448,-4.1399703
180,Vorkuta DS-3/VII-74,67.39564,63.37228,Russia,Vorkuta,,0.4914128775307003,15.0,3013.0,2008.0,2011.0,-5.889849185943604,-3.9091062545776367,0.7725675362799752,False,2009.5,13.5,1.6389128775307005,-3.3898492
181,Vorkuta EK-67,67.38333333,63.33333333,Russia,Vorkuta,,0.1323190909090909,9.5,1100.0,2008.0,2011.0,-5.907408714294434,-3.8753504753112793,0.540024406970029,False,2009.5,13.5,1.2798190909090912,-3.4074087
182,Vorkuta K-887,67.54861,64.17378,Russia,Vorkuta,,-1.7018827272727275,11.425,2200.0,2008.0,2011.0,-5.930944442749023,-4.213806629180908,0.6006703088080916,False,2009.5,13.5,-0.5543827272727273,-3.4309444
183,Vorkuta R-53,67.33183,62.37263,Russia,Vorkuta,,-1.908990049751244,10.0,1809.0,2008.0,2011.0,-5.248821258544922,-3.4202351570129395,0.5972747720309173,False,2009.5,13.5,-0.7614900497512438,-2.7488213
184,Vorkuta R-57,67.32485,62.38992,Russia,Vorkuta,,-2.097488646684832,9.35,1101.0,2008.0,2011.0,-5.248821258544922,-3.4202351570129395,0.5972747720309173,False,2009.5,13.5,-0.949988646684832,-2.7488213
185,Vorkuta R-64,67.3471,62.37699,Russia,Vorkuta,,-1.8145354223433243,12.625,2202.0,2008.0,2011.0,-5.248821258544922,-3.4202351570129395,0.5972747720309173,False,2009.5,13.5,-0.6670354223433241,-2.7488213
186,Vorkuta R-71,67.34613,62.33724,Russia,Vorkuta,,0.4012446260974872,15.0,3303.0,2008.0,2011.0,-5.233570098876953,-3.382025241851806,0.4497581102088565,False,2009.5,13.5,1.5487446260974873,-2.73357
192,Vorkuta SH-15,67.37059,64.89051,Russia,Vorkuta,,-0.8286818181818183,15.0,22.0,2008.0,2013.0,-6.977194786071777,-5.060563564300537,0.5619686612241399,False,2010.5,12.5,0.2338181818181817,-4.477195
193,Vorkuta SH-3,67.3882,64.89404,Russia,Vorkuta,,1.473095238095238,15.0,21.0,2008.0,2013.0,-6.977194786071777,-5.060563564300537,0.5619686612241399,False,2010.5,12.5,2.535595238095238,-4.477195
194,Vorkuta UP-35,67.40484,64.4842,Russia,Vorkuta,,1.1982000000000002,15.0,15.0,2008.0,2011.0,-5.901943206787109,-4.491720199584961,1.1100030673996528,False,2009.5,13.5,2.3457000000000003,-3.4019432
195,Vorkuta VK-1615,67.46666667,63.35,Russia,Vorkuta,,-1.5933333333333335,15.0,3.0,2009.0,2009.0,-5.945990085601807,-3.905177354812622,0.4624294713485162,False,2009.0,14.0,-0.4033333333333333,-3.44599
196,Vorkuta VK-1618,67.4456,63.4097,Russia,Vorkuta,,-2.58362415603826,13.0,2666.0,2007.0,2011.0,-5.889849185943604,-3.9091062545776367,0.7725675362799752,False,2009.0,14.0,-1.3936241560382598,-3.3898492
198,Vorkuta Ya3,67.50745,64.00349,Russia,Vorkuta,,-5.696947594837701,14.0,5114.0,2007.0,2012.0,-6.009034156799316,-4.152999877929688,0.5454517030480892,False,2009.5,13.5,-4.549447594837701,-3.5090342
199,Vorkuta ZS-115,67.38975,63.32717,Russia,Vorkuta,,-9.354173674588663,15.0,5470.0,2007.0,2012.0,-5.907408714294434,-3.8753504753112793,0.540024406970029,False,2009.5,13.5,-8.206673674588663,-3.4074087
200,Vorkuta ZS-117,67.39219,63.33866,Russia,Vorkuta,,-8.718737607402511,10.0,1513.0,2009.0,2012.0,-5.907408714294434,-3.8753504753112793,0.540024406970029,False,2010.5,12.5,-7.656237607402511,-3.4074087
201,Vorkuta ZS-12,67.41069,63.39578,Russia,Vorkuta,,-5.775186231697919,15.0,3893.0,2008.0,2012.0,-5.889849185943604,-3.9091062545776367,0.7725675362799752,False,2010.0,13.0,-4.670186231697919,-3.3898492
202,Vorkuta ZS-124,67.39731,63.37544,Russia,Vorkuta,,-4.092758404677386,15.0,4789.0,2007.0,2012.0,-5.889849185943604,-3.9091062545776367,0.7725675362799752,False,2009.5,13.5,-2.9452584046773858,-3.3898492
400,Vorkuta 106,67.96188,61.52051,Russia,Vorkuta,,-4.660060630099728,10.0,2206.0,2006.0,2016.0,-5.639970302581787,-3.5637614727020264,0.0049809276936382,False,2011.0,12.0,-3.640060630099728,-4.1399703
187,Vorkuta R-9,67.34088,62.35008,Russia,Vorkuta,,-2.349148636363636,12.5,2200.0,2008.0,2011.0,-5.248821258544922,-3.4202351570129395,0.5972747720309173,False,2009.5,13.5,-1.2016486363636358,-2.7488213
191,Vorkuta SH-14,67.37031,64.89704,Russia,Vorkuta,,-0.0298620689655172,15.0,29.0,2008.0,2013.0,-6.977194786071777,-5.060563564300537,0.5619686612241399,False,2010.5,12.5,1.0326379310344829,-4.477195
171,Nadym 1_71,65.3086,72.8239,Russia,Nadym,,0.3851331691297208,15.0,6090.0,2007.0,2013.0,-3.947927951812744,-3.890851259231568,0.2550544423781576,False,2010.0,13.0,1.4901331691297208,-1.447928
174,Nadym ND2,65.3134,72.8872,Russia,Nadym,,-1.167815638450502,12.23,2788.0,2007.0,2011.0,-3.9919028282165527,-3.920886993408203,0.11744562347729,False,2009.0,14.0,0.0221843615494981,-1.4919028
175,Nadym ND3,65.3146,72.8629,Russia,Nadym,,-0.115,11.0,1.0,2011.0,2011.0,-3.9919028282165527,-3.920886993408203,0.11744562347729,False,2011.0,12.0,0.905,-1.4919028
176,Nadym ND3_4,65.314472,72.861805,Russia,Nadym,,-1.529517714791851,12.4,2258.0,2007.0,2010.0,-3.9919028282165527,-3.920886993408203,0.11744562347729,False,2008.5,14.5,-0.2970177147918509,-1.4919028
169,Nadym 12_75,65.315638,72.87325,Russia,Nadym,,-0.1553467697404748,10.0,3622.0,2007.0,2013.0,-3.9919028282165527,-3.920886993408203,0.11744562347729,False,2010.0,13.0,0.9496532302595252,-1.4919028
177,Nadym PiCla,65.3055,72.892027,Russia,Nadym,,-1.5537506666666665,11.7,2250.0,2007.0,2010.0,-3.9919028282165527,-3.920886993408203,0.11744562347729,False,2008.5,14.5,-0.3212506666666663,-1.4919028
178,Nadym Pingo,65.298472,72.895,Russia,Nadym,,-2.591757297297297,10.0,1850.0,2007.0,2010.0,-3.9919028282165527,-3.920886993408203,0.11744562347729,False,2008.5,14.5,-1.3592572972972967,-1.4919028
179,Nadym THA,65.3166,72.862,Russia,Nadym,,1.7494109792284869,8.0,674.0,2007.0,2009.0,-3.9919028282165527,-3.920886993408203,0.11744562347729,False,2008.0,15.0,3.0244109792284872,-1.4919028
170,Nadym 14_72,65.3153,72.8693,Russia,Nadym,,-0.5377740661510614,15.0,6077.0,2007.0,2013.0,-3.9919028282165527,-3.920886993408203,0.11744562347729,False,2010.0,13.0,0.5672259338489386,-1.4919028
172,Nadym 23_75,65.3147,72.8606,Russia,Nadym,,-0.0933231271370842,15.0,6434.0,2007.0,2013.0,-3.9919028282165527,-3.920886993408203,0.11744562347729,False,2010.0,13.0,1.0116768728629155,-1.4919028
173,Nadym 23a_75,65.3147,72.8612,Russia,Nadym,,-0.5044857762124085,10.0,3691.0,2007.0,2013.0,-3.9919028282165527,-3.920886993408203,0.11744562347729,False,2010.0,13.0,0.6005142237875915,-1.4919028
1101,Nadym 4_09,65.3225,72.88166,Russia,Nadym,,-2.692,14.62,16.0,2008.0,2009.0,-3.9919028282165527,-3.920886993408203,0.11744562347729,False,2008.5,14.5,-1.4595,-1.4919028
